question_id,category,criterion,expected_runs,completed_runs,graphrag_votes,vector_rag_votes,tie_votes,majority_winner
C01,cross_document_reasoning,comprehensiveness,3,3,3,0,0,graphrag
C01,cross_document_reasoning,directness,3,3,2,1,0,graphrag
C01,cross_document_reasoning,diversity,3,3,3,0,0,graphrag
C01,cross_document_reasoning,empowerment,3,3,3,0,0,graphrag
C02,cross_document_reasoning,comprehensiveness,3,3,3,0,0,graphrag
C02,cross_document_reasoning,directness,3,3,1,2,0,vector_rag
C02,cross_document_reasoning,diversity,3,3,3,0,0,graphrag
C02,cross_document_reasoning,empowerment,3,3,3,0,0,graphrag
C03,cross_document_reasoning,comprehensiveness,3,3,3,0,0,graphrag
C03,cross_document_reasoning,directness,3,3,2,1,0,graphrag
C03,cross_document_reasoning,diversity,3,3,3,0,0,graphrag
C03,cross_document_reasoning,empowerment,3,3,3,0,0,graphrag
C04,cross_document_reasoning,comprehensiveness,3,3,3,0,0,graphrag
C04,cross_document_reasoning,directness,3,3,0,3,0,vector_rag
C04,cross_document_reasoning,diversity,3,3,3,0,0,graphrag
C04,cross_document_reasoning,empowerment,3,3,2,1,0,graphrag
C05,cross_document_reasoning,comprehensiveness,3,3,3,0,0,graphrag
C05,cross_document_reasoning,directness,3,3,0,3,0,vector_rag
C05,cross_document_reasoning,diversity,3,3,3,0,0,graphrag
C05,cross_document_reasoning,empowerment,3,3,1,2,0,vector_rag
C06,cross_document_reasoning,comprehensiveness,3,3,3,0,0,graphrag
C06,cross_document_reasoning,directness,3,3,0,3,0,vector_rag
C06,cross_document_reasoning,diversity,3,3,3,0,0,graphrag
C06,cross_document_reasoning,empowerment,3,3,3,0,0,graphrag
C07,cross_document_reasoning,comprehensiveness,3,3,3,0,0,graphrag
C07,cross_document_reasoning,directness,3,3,1,2,0,vector_rag
C07,cross_document_reasoning,diversity,3,3,3,0,0,graphrag
C07,cross_document_reasoning,empowerment,3,3,3,0,0,graphrag
C08,cross_document_reasoning,comprehensiveness,3,3,3,0,0,graphrag
C08,cross_document_reasoning,directness,3,3,2,1,0,graphrag
C08,cross_document_reasoning,diversity,3,3,3,0,0,graphrag
C08,cross_document_reasoning,empowerment,3,3,3,0,0,graphrag
C09,cross_document_reasoning,comprehensiveness,3,3,3,0,0,graphrag
C09,cross_document_reasoning,directness,3,3,1,2,0,vector_rag
C09,cross_document_reasoning,diversity,3,3,3,0,0,graphrag
C09,cross_document_reasoning,empowerment,3,3,3,0,0,graphrag
C10,cross_document_reasoning,comprehensiveness,3,3,3,0,0,graphrag
C10,cross_document_reasoning,directness,3,3,1,2,0,vector_rag
C10,cross_document_reasoning,diversity,3,3,3,0,0,graphrag
C10,cross_document_reasoning,empowerment,3,3,3,0,0,graphrag
C11,cross_document_reasoning,comprehensiveness,3,3,3,0,0,graphrag
C11,cross_document_reasoning,directness,3,3,1,2,0,vector_rag
C11,cross_document_reasoning,diversity,3,3,3,0,0,graphrag
C11,cross_document_reasoning,empowerment,3,3,3,0,0,graphrag
C12,cross_document_reasoning,comprehensiveness,3,3,3,0,0,graphrag
C12,cross_document_reasoning,directness,3,3,1,2,0,vector_rag
C12,cross_document_reasoning,diversity,3,3,3,0,0,graphrag
C12,cross_document_reasoning,empowerment,3,3,3,0,0,graphrag
C13,cross_document_reasoning,comprehensiveness,3,3,3,0,0,graphrag
C13,cross_document_reasoning,directness,3,3,2,1,0,graphrag
C13,cross_document_reasoning,diversity,3,3,3,0,0,graphrag
C13,cross_document_reasoning,empowerment,3,3,2,1,0,graphrag
C14,cross_document_reasoning,comprehensiveness,3,3,3,0,0,graphrag
C14,cross_document_reasoning,directness,3,3,0,3,0,vector_rag
C14,cross_document_reasoning,diversity,3,3,3,0,0,graphrag
C14,cross_document_reasoning,empowerment,3,3,3,0,0,graphrag
C15,cross_document_reasoning,comprehensiveness,3,3,3,0,0,graphrag
C15,cross_document_reasoning,directness,3,3,2,1,0,graphrag
C15,cross_document_reasoning,diversity,3,3,3,0,0,graphrag
C15,cross_document_reasoning,empowerment,3,3,3,0,0,graphrag
C16,cross_document_reasoning,comprehensiveness,3,3,3,0,0,graphrag
C16,cross_document_reasoning,directness,3,3,0,3,0,vector_rag
C16,cross_document_reasoning,diversity,3,3,3,0,0,graphrag
C16,cross_document_reasoning,empowerment,3,3,3,0,0,graphrag
C17,cross_document_reasoning,comprehensiveness,3,3,3,0,0,graphrag
C17,cross_document_reasoning,directness,3,3,2,1,0,graphrag
C17,cross_document_reasoning,diversity,3,3,3,0,0,graphrag
C17,cross_document_reasoning,empowerment,3,3,1,2,0,vector_rag
C18,cross_document_reasoning,comprehensiveness,3,3,3,0,0,graphrag
C18,cross_document_reasoning,directness,3,3,0,3,0,vector_rag
C18,cross_document_reasoning,diversity,3,3,3,0,0,graphrag
C18,cross_document_reasoning,empowerment,3,3,3,0,0,graphrag
C19,cross_document_reasoning,comprehensiveness,3,3,3,0,0,graphrag
C19,cross_document_reasoning,directness,3,3,1,2,0,vector_rag
C19,cross_document_reasoning,diversity,3,3,3,0,0,graphrag
C19,cross_document_reasoning,empowerment,3,3,1,2,0,vector_rag
C20,cross_document_reasoning,comprehensiveness,3,3,3,0,0,graphrag
C20,cross_document_reasoning,directness,3,3,1,2,0,vector_rag
C20,cross_document_reasoning,diversity,3,3,3,0,0,graphrag
C20,cross_document_reasoning,empowerment,3,3,3,0,0,graphrag
G01,global_sensemaking,comprehensiveness,3,3,3,0,0,graphrag
G01,global_sensemaking,directness,3,3,0,3,0,vector_rag
G01,global_sensemaking,diversity,3,3,3,0,0,graphrag
G01,global_sensemaking,empowerment,3,3,1,2,0,vector_rag
G02,global_sensemaking,comprehensiveness,3,3,3,0,0,graphrag
G02,global_sensemaking,directness,3,3,1,2,0,vector_rag
G02,global_sensemaking,diversity,3,3,3,0,0,graphrag
G02,global_sensemaking,empowerment,3,3,3,0,0,graphrag
G03,global_sensemaking,comprehensiveness,3,3,3,0,0,graphrag
G03,global_sensemaking,directness,3,3,1,2,0,vector_rag
G03,global_sensemaking,diversity,3,3,3,0,0,graphrag
G03,global_sensemaking,empowerment,3,3,3,0,0,graphrag
G04,global_sensemaking,comprehensiveness,3,3,3,0,0,graphrag
G04,global_sensemaking,directness,3,3,0,3,0,vector_rag
G04,global_sensemaking,diversity,3,3,3,0,0,graphrag
G04,global_sensemaking,empowerment,3,3,1,2,0,vector_rag
G05,global_sensemaking,comprehensiveness,3,3,3,0,0,graphrag
G05,global_sensemaking,directness,3,3,0,3,0,vector_rag
G05,global_sensemaking,diversity,3,3,3,0,0,graphrag
G05,global_sensemaking,empowerment,3,3,1,2,0,vector_rag
G06,global_sensemaking,comprehensiveness,3,3,3,0,0,graphrag
G06,global_sensemaking,directness,3,3,1,2,0,vector_rag
G06,global_sensemaking,diversity,3,3,3,0,0,graphrag
G06,global_sensemaking,empowerment,3,3,1,2,0,vector_rag
G07,global_sensemaking,comprehensiveness,3,3,3,0,0,graphrag
G07,global_sensemaking,directness,3,3,2,1,0,graphrag
G07,global_sensemaking,diversity,3,3,3,0,0,graphrag
G07,global_sensemaking,empowerment,3,3,3,0,0,graphrag
G08,global_sensemaking,comprehensiveness,3,3,3,0,0,graphrag
G08,global_sensemaking,directness,3,3,3,0,0,graphrag
G08,global_sensemaking,diversity,3,3,3,0,0,graphrag
G08,global_sensemaking,empowerment,3,3,3,0,0,graphrag
G09,global_sensemaking,comprehensiveness,3,3,3,0,0,graphrag
G09,global_sensemaking,directness,3,3,2,1,0,graphrag
G09,global_sensemaking,diversity,3,3,3,0,0,graphrag
G09,global_sensemaking,empowerment,3,3,3,0,0,graphrag
G10,global_sensemaking,comprehensiveness,3,3,3,0,0,graphrag
G10,global_sensemaking,directness,3,3,3,0,0,graphrag
G10,global_sensemaking,diversity,3,3,3,0,0,graphrag
G10,global_sensemaking,empowerment,3,3,3,0,0,graphrag
G11,global_sensemaking,comprehensiveness,3,3,3,0,0,graphrag
G11,global_sensemaking,directness,3,3,0,3,0,vector_rag
G11,global_sensemaking,diversity,3,3,3,0,0,graphrag
G11,global_sensemaking,empowerment,3,3,3,0,0,graphrag
G12,global_sensemaking,comprehensiveness,3,3,3,0,0,graphrag
G12,global_sensemaking,directness,3,3,1,2,0,vector_rag
G12,global_sensemaking,diversity,3,3,3,0,0,graphrag
G12,global_sensemaking,empowerment,3,3,3,0,0,graphrag
G13,global_sensemaking,comprehensiveness,3,3,3,0,0,graphrag
G13,global_sensemaking,directness,3,3,0,3,0,vector_rag
G13,global_sensemaking,diversity,3,3,3,0,0,graphrag
G13,global_sensemaking,empowerment,3,3,1,2,0,vector_rag
G14,global_sensemaking,comprehensiveness,3,3,3,0,0,graphrag
G14,global_sensemaking,directness,3,3,0,3,0,vector_rag
G14,global_sensemaking,diversity,3,3,3,0,0,graphrag
G14,global_sensemaking,empowerment,3,3,3,0,0,graphrag
G15,global_sensemaking,comprehensiveness,3,3,3,0,0,graphrag
G15,global_sensemaking,directness,3,3,0,3,0,vector_rag
G15,global_sensemaking,diversity,3,3,3,0,0,graphrag
G15,global_sensemaking,empowerment,3,3,1,2,0,vector_rag
G16,global_sensemaking,comprehensiveness,3,3,3,0,0,graphrag
G16,global_sensemaking,directness,3,3,2,1,0,graphrag
G16,global_sensemaking,diversity,3,3,3,0,0,graphrag
G16,global_sensemaking,empowerment,3,3,3,0,0,graphrag
G17,global_sensemaking,comprehensiveness,3,3,3,0,0,graphrag
G17,global_sensemaking,directness,3,3,1,2,0,vector_rag
G17,global_sensemaking,diversity,3,3,3,0,0,graphrag
G17,global_sensemaking,empowerment,3,3,3,0,0,graphrag
G18,global_sensemaking,comprehensiveness,3,3,3,0,0,graphrag
G18,global_sensemaking,directness,3,3,2,1,0,graphrag
G18,global_sensemaking,diversity,3,3,3,0,0,graphrag
G18,global_sensemaking,empowerment,3,3,3,0,0,graphrag
G19,global_sensemaking,comprehensiveness,3,3,3,0,0,graphrag
G19,global_sensemaking,directness,3,3,2,1,0,graphrag
G19,global_sensemaking,diversity,3,3,3,0,0,graphrag
G19,global_sensemaking,empowerment,3,3,3,0,0,graphrag
G20,global_sensemaking,comprehensiveness,3,3,3,0,0,graphrag
G20,global_sensemaking,directness,3,3,1,2,0,vector_rag
G20,global_sensemaking,diversity,3,3,3,0,0,graphrag
G20,global_sensemaking,empowerment,3,3,3,0,0,graphrag
L01,local_fact_retrieval,comprehensiveness,3,3,3,0,0,graphrag
L01,local_fact_retrieval,directness,3,3,0,3,0,vector_rag
L01,local_fact_retrieval,diversity,3,3,3,0,0,graphrag
L01,local_fact_retrieval,empowerment,3,3,2,1,0,graphrag
L02,local_fact_retrieval,comprehensiveness,3,3,3,0,0,graphrag
L02,local_fact_retrieval,directness,3,3,0,3,0,vector_rag
L02,local_fact_retrieval,diversity,3,3,3,0,0,graphrag
L02,local_fact_retrieval,empowerment,3,3,1,2,0,vector_rag
L03,local_fact_retrieval,comprehensiveness,3,3,3,0,0,graphrag
L03,local_fact_retrieval,directness,3,3,0,3,0,vector_rag
L03,local_fact_retrieval,diversity,3,3,3,0,0,graphrag
L03,local_fact_retrieval,empowerment,3,3,2,1,0,graphrag
L04,local_fact_retrieval,comprehensiveness,3,3,3,0,0,graphrag
L04,local_fact_retrieval,directness,3,3,0,3,0,vector_rag
L04,local_fact_retrieval,diversity,3,3,3,0,0,graphrag
L04,local_fact_retrieval,empowerment,3,3,3,0,0,graphrag
L05,local_fact_retrieval,comprehensiveness,3,3,3,0,0,graphrag
L05,local_fact_retrieval,directness,3,3,0,3,0,vector_rag
L05,local_fact_retrieval,diversity,3,3,3,0,0,graphrag
L05,local_fact_retrieval,empowerment,3,3,3,0,0,graphrag
L06,local_fact_retrieval,comprehensiveness,3,3,3,0,0,graphrag
L06,local_fact_retrieval,directness,3,3,0,3,0,vector_rag
L06,local_fact_retrieval,diversity,3,3,3,0,0,graphrag
L06,local_fact_retrieval,empowerment,3,3,3,0,0,graphrag
L07,local_fact_retrieval,comprehensiveness,3,3,3,0,0,graphrag
L07,local_fact_retrieval,directness,3,3,1,2,0,vector_rag
L07,local_fact_retrieval,diversity,3,3,3,0,0,graphrag
L07,local_fact_retrieval,empowerment,3,3,3,0,0,graphrag
L08,local_fact_retrieval,comprehensiveness,3,3,3,0,0,graphrag
L08,local_fact_retrieval,directness,3,3,0,3,0,vector_rag
L08,local_fact_retrieval,diversity,3,3,3,0,0,graphrag
L08,local_fact_retrieval,empowerment,3,3,3,0,0,graphrag
L09,local_fact_retrieval,comprehensiveness,3,3,3,0,0,graphrag
L09,local_fact_retrieval,directness,3,3,0,3,0,vector_rag
L09,local_fact_retrieval,diversity,3,3,3,0,0,graphrag
L09,local_fact_retrieval,empowerment,3,3,3,0,0,graphrag
L10,local_fact_retrieval,comprehensiveness,3,3,3,0,0,graphrag
L10,local_fact_retrieval,directness,3,3,1,2,0,vector_rag
L10,local_fact_retrieval,diversity,3,3,3,0,0,graphrag
L10,local_fact_retrieval,empowerment,3,3,3,0,0,graphrag
L11,local_fact_retrieval,comprehensiveness,3,3,3,0,0,graphrag
L11,local_fact_retrieval,directness,3,3,0,3,0,vector_rag
L11,local_fact_retrieval,diversity,3,3,3,0,0,graphrag
L11,local_fact_retrieval,empowerment,3,3,3,0,0,graphrag
L12,local_fact_retrieval,comprehensiveness,3,3,3,0,0,graphrag
L12,local_fact_retrieval,directness,3,3,0,3,0,vector_rag
L12,local_fact_retrieval,diversity,3,3,3,0,0,graphrag
L12,local_fact_retrieval,empowerment,3,3,3,0,0,graphrag
L13,local_fact_retrieval,comprehensiveness,3,3,3,0,0,graphrag
L13,local_fact_retrieval,directness,3,3,0,3,0,vector_rag
L13,local_fact_retrieval,diversity,3,3,3,0,0,graphrag
L13,local_fact_retrieval,empowerment,3,3,3,0,0,graphrag
L14,local_fact_retrieval,comprehensiveness,3,3,3,0,0,graphrag
L14,local_fact_retrieval,directness,3,3,0,3,0,vector_rag
L14,local_fact_retrieval,diversity,3,3,3,0,0,graphrag
L14,local_fact_retrieval,empowerment,3,3,3,0,0,graphrag
L15,local_fact_retrieval,comprehensiveness,3,3,3,0,0,graphrag
L15,local_fact_retrieval,directness,3,3,0,3,0,vector_rag
L15,local_fact_retrieval,diversity,3,3,3,0,0,graphrag
L15,local_fact_retrieval,empowerment,3,3,3,0,0,graphrag
L16,local_fact_retrieval,comprehensiveness,3,3,3,0,0,graphrag
L16,local_fact_retrieval,directness,3,3,1,2,0,vector_rag
L16,local_fact_retrieval,diversity,3,3,3,0,0,graphrag
L16,local_fact_retrieval,empowerment,3,3,3,0,0,graphrag
L17,local_fact_retrieval,comprehensiveness,3,3,3,0,0,graphrag
L17,local_fact_retrieval,directness,3,3,0,3,0,vector_rag
L17,local_fact_retrieval,diversity,3,3,3,0,0,graphrag
L17,local_fact_retrieval,empowerment,3,3,3,0,0,graphrag
L18,local_fact_retrieval,comprehensiveness,3,3,3,0,0,graphrag
L18,local_fact_retrieval,directness,3,3,0,3,0,vector_rag
L18,local_fact_retrieval,diversity,3,3,3,0,0,graphrag
L18,local_fact_retrieval,empowerment,3,3,3,0,0,graphrag
L19,local_fact_retrieval,comprehensiveness,3,3,3,0,0,graphrag
L19,local_fact_retrieval,directness,3,3,2,1,0,graphrag
L19,local_fact_retrieval,diversity,3,3,3,0,0,graphrag
L19,local_fact_retrieval,empowerment,3,3,3,0,0,graphrag
L20,local_fact_retrieval,comprehensiveness,3,3,3,0,0,graphrag
L20,local_fact_retrieval,directness,3,3,2,1,0,graphrag
L20,local_fact_retrieval,diversity,3,3,3,0,0,graphrag
L20,local_fact_retrieval,empowerment,3,3,3,0,0,graphrag
